{"cameraMode":{"drawMode":0,"name":"Shaded","section":"Shading Mode"},"sceneLighting":true,"audioPlay":false,"sceneViewState":{"showFog":true,"showMaterialUpdate":false,"showSkybox":true,"showFlares":true,"showImageEffects":true,"showParticleSystems":true},"in2DMode":false,"pivot":{"x":3.3715596199035646,"y":0.5581192970275879,"z":0.9828701019287109},"rotation":{"x":0.030395934358239175,"y":0.9660776853561401,"z":-0.2183777540922165,"w":0.1344679892063141},"size":7.244753360748291,"orthographic":false}